First Name,Last Name,Make,Model,Reg Number,Phone Number,Email Address,Colour,Deposit,,,Sale Price,Balance to Finance,Total Amount Payable ,Baloon Payment,Monthly Payment,,Rate,Start Date,Payments Made,Settlement,Length of Agreement,Interest Rebate,Settlement,Valuation,Equity,Revalue in ,Mot mileage ,Mot Mileage 2,Mot Mileage 3,Mileage at start of agreement,Estimated mileage 
Daniel,Johnson,Chevrolet,Camry,JK84KZA,,,red,1000,,,40000,2995,3444.25,1048.25,66.56,,1.15,22-Jan-21,28,532.4444444,36,99.83333333,1480.86,18500,17019.14,256,20000,25000,30000,15000,
Daniel,Anderson,Audi,3 Series,JY28YNX,,,red,1000,,,40000,3995,4594.25,1398.25,88.78,,1.15,27-Apr-21,25,976.5555556,36,183.1041667,2191.7,18500,16308.3,184,,,,,
Matthew,Davis,Audi,Altima,EL58OAT,,,red,1000,,,40000,5995,6894.25,2098.25,133.22,,1.15,16-Dec-22,6,3996.666667,36,749.375,5345.54,18500,13154.46,99,,,,,
Daniel,Garcia,Chevrolet,Elantra,LK68LQL,,,red,1000,,,40000,6995,8044.25,2448.25,155.44,,1.15,23-Aug-22,9,4197,36,786.9375,5858.31,18500,12641.69,81,,,,,
John,Jones,Toyota,3 Series,ZR77WWK,,,red,1000,,,40000,10995,12644.25,3848.25,244.33,,1.15,23-Feb-22,15,5131,36,962.0625,8017.19,18500,10482.81,43,,,,,
Mike,Johnson,Mercedes,A4,SA62UPQ,,,red,1000,,,40000,12995,14944.25,4548.25,288.78,,1.15,10-Sep-21,21,4331.666667,36,812.1875,8067.73,18500,10432.27,36,,,,,
Jessica,Williams,Kia,Silverado,QH34IGP,,,red,1000,,,40000,14995,17244.25,5248.25,333.22,,1.15,17-Nov-20,30,1999.333333,36,374.875,6872.71,18500,11627.29,35,,,,,
Daniel,Williams,Audi,Elantra,AP50JTK,,,red,1000,,,40000,11995,13794.25,4198.25,266.56,,1.15,7-May-22,13,6130.777778,36,1149.520833,9179.51,18500,9320.49,35,,,,,
Sarah,Garcia,Chevrolet,A4,PS53PEV,,,red,1000,,,40000,17995,20694.25,6298.25,399.89,,1.15,13-Dec-20,30,2399.333333,36,449.875,8247.71,18500,10252.29,26,,,,,
Emily,Martinez,Toyota,Altima,UV82RZP,,,red,1000,,,40000,17995,20694.25,6298.25,399.89,,1.15,7-Mar-21,27,3599,36,674.8125,9222.44,18500,9277.56,23,,,,,
Robert,Davis,Nissan,Camry,BY94ZRT,,,red,1000,,,40000,32995,37944.25,11548.25,733.22,,1.15,15-Jul-20,35,733.2222222,36,137.4791667,12143.99,18500,6356.01,9,,,,,
Daniel,Smith,Kia,Accord,KV63KTS,,,red,1000,,,40000,35995,41394.25,12598.25,799.89,,1.15,6-May-20,37,-799.8888889,36,-149.9791667,11948.34,18500,6551.66,8,,,,,
Daniel,Williams,Hyundai,3 Series,CP14VUQ,,,red,1000,,,40000,18995,21844.25,6648.25,422.11,,1.15,16-Jul-22,11,10552.77778,36,1978.645833,15222.38,18500,3277.62,8,,,,,
Mike,Smith,Honda,Optima,HN59ITV,,,red,1000,,,40000,18995,21844.25,6648.25,422.11,,1.15,4-Aug-22,10,10974.88889,36,2057.791667,15565.35,18500,2934.65,7,,,,,
Sarah,Johnson,Honda,Optima,MB63XJL,,,red,1000,,,40000,30995,35644.25,10848.25,688.78,,1.15,18-Feb-21,27,6199,36,1162.3125,15884.94,18500,2615.06,4,,,,,
Mike,Martinez,Honda,Altima,ZR93MCA,,,red,1000,,,40000,50995,58644.25,17848.25,1133.22,,1.15,27-Apr-20,37,-1133.222222,36,-212.4791667,16927.51,18500,1572.49,1,,,,,
David,Williams,Honda,3 Series,CS43ORV,,,red,1000,,,40000,33995,39094.25,11898.25,755.44,,1.15,13-Apr-21,26,7554.444444,36,1416.458333,18036.24,18500,463.76,1,,,,,
Mike,Smith,Chevrolet,Optima,PQ50TMW,,,red,1000,,,40000,52995,60944.25,18548.25,1177.67,,1.15,25-May-20,36,0,36,0,18548.25,18500,-48.25,0,,,,,
Mike,Johnson,BMW,Altima,MH73ZTD,,,red,1000,,,40000,20995,24144.25,7348.25,466.56,,1.15,29-Jan-23,4,14929.77778,36,2799.333333,19478.69,18500,-978.69,-2,,,,,
Jessica,Miller,Ford,3 Series,FR40RQM,,,red,1000,,,40000,26995,31044.25,9448.25,599.89,,1.15,1-Apr-22,14,13197.55556,36,2474.541667,20171.26,18500,-1671.26,-3,,,,,
David,Brown,Nissan,Silverado,HJ75CPZ,,,red,1000,,,40000,50995,58644.25,17848.25,1133.22,,1.15,30-Oct-20,31,5666.111111,36,1062.395833,22451.97,18500,-3951.97,-3,,,,,
Jessica,Johnson,Hyundai,3 Series,PC78FNA,,,red,1000,,,40000,60995,70144.25,21348.25,1355.44,,1.15,6-Aug-20,34,2710.888889,36,508.2916667,23550.85,18500,-5050.85,-4,,,,,
Emily,Johnson,Mercedes,Altima,QW32ZEQ,,,red,1000,,,40000,23995,27594.25,8398.25,533.22,,1.15,8-Oct-22,8,14930.22222,36,2799.416667,20529.06,18500,-2029.06,-4,,,,,
Jessica,Garcia,Ford,Altima,NQ39URT,,,red,1000,,,40000,36995,42544.25,12948.25,822.11,,1.15,5-Jul-21,23,10687.44444,36,2003.895833,21631.8,18500,-3131.8,-4,,,,,
Sarah,Smith,Kia,A4,BJ32ZWT,,,red,1000,,,40000,42995,49444.25,15048.25,955.44,,1.15,13-Apr-21,26,9554.444444,36,1791.458333,22811.24,18500,-4311.24,-5,,,,,
Jennifer,Brown,Kia,Elantra,ML85HUQ,,,red,1000,,,40000,44995,51744.25,15748.25,999.89,,1.15,19-May-21,24,11998.66667,36,2249.75,25497.17,18500,-6997.17,-7,,,,,
Robert,Garcia,Kia,Optima,YU36SKD,,,red,1000,,,40000,36995,42544.25,12948.25,822.11,,1.15,10-Mar-22,15,17264.33333,36,3237.0625,26975.52,18500,-8475.52,-10,,,,,
David,Anderson,BMW,3 Series,QB14NNE,,,red,1000,,,40000,46995,54044.25,16448.25,1044.33,,1.15,12-Oct-21,20,16709.33333,36,3133,30024.58,18500,-11524.58,-11,,,,,
Sarah,Garcia,Hyundai,Accord,EX97VFC,,,red,1000,,,40000,36995,42544.25,12948.25,822.11,,1.15,23-Apr-22,13,18908.55556,36,3545.354167,28311.45,18500,-9811.45,-12,,,,,
Mike,Jones,Hyundai,Elantra,DF44ZKA,,,red,1000,,,40000,32995,37944.25,11548.25,733.22,,1.15,28-Oct-22,7,21263.44444,36,3986.895833,28824.8,18500,-10324.8,-14,,,,,
Jessica,Brown,Honda,3 Series,VJ44JGA,,,red,1000,,,40000,53995,62094.25,18898.25,1199.89,,1.15,5-Nov-21,19,20398.11111,36,3824.645833,35471.72,18500,-16971.72,-14,,,,,
Matthew,Davis,Chevrolet,C-Class,TB75ETL,,,red,1000,,,40000,53995,62094.25,18898.25,1199.89,,1.15,6-Feb-22,16,23997.77778,36,4499.583333,38396.44,18500,-19896.44,-17,,,,,
Daniel,Martinez,Honda,Silverado,GQ51OHD,,,red,1000,,,40000,49995,57494.25,17498.25,1111,,1.15,30-Mar-22,14,24442,36,4582.875,37357.38,18500,-18857.38,-17,,,,,
David,Davis,Ford,C-Class,XN81UAQ,,,red,1000,,,40000,52995,60944.25,18548.25,1177.67,,1.15,28-Feb-22,15,24731,36,4637.0625,38642.19,18500,-20142.19,-17,,,,,
Jennifer,Williams,Chevrolet,3 Series,MK24EPH,,,red,1000,,,40000,42995,49444.25,15048.25,955.44,,1.15,25-Jul-22,10,24841.55556,36,4657.791667,35232.01,18500,-16732.01,-18,,,,,
Sarah,Miller,BMW,3 Series,FA87MCZ,,,red,1000,,,40000,52995,60944.25,18548.25,1177.67,,1.15,3-May-22,13,27086.33333,36,5078.6875,40555.9,18500,-22055.9,-19,,,,,
John,Jones,Honda,F-150,LX19HZJ,,,red,1000,,,40000,34995,40244.25,12248.25,777.67,,1.15,26-Mar-23,2,26440.66667,36,4957.625,33731.29,18500,-15231.29,-20,,,,,
David,Jones,Mercedes,Silverado,WP44MUS,,,red,1000,,,40000,40995,47144.25,14348.25,911,,1.15,23-Dec-22,5,28241,36,5295.1875,37294.06,18500,-18794.06,-21,,,,,
Emily,Johnson,Hyundai,C-Class,SO66MUL,,,red,1000,,,40000,53995,62094.25,18898.25,1199.89,,1.15,30-May-22,12,28797.33333,36,5399.5,42296.08,18500,-23796.08,-20,,,,,
Jessica,Williams,BMW,Optima,GJ31ZXX,,,red,1000,,,40000,45995,52894.25,16098.25,1022.11,,1.15,30-Sep-22,8,28619.11111,36,5366.083333,39351.28,18500,-20851.28,-20,,,,,
David,Jones,Hyundai,Camry,EH97NPS,,,red,1000,,,40000,58995,67844.25,20648.25,1311,,1.15,17-Jul-22,11,32775,36,6145.3125,47277.94,18500,-28777.94,-22,,,,,
Emily,Jones,Hyundai,3 Series,TO26BCK,,,red,1000,,,40000,44995,51744.25,15748.25,999.89,,1.15,10-Apr-23,2,33996.22222,36,6374.291667,43370.18,18500,-24870.18,-25,,,,,
Robert,Williams,Ford,Silverado,MX55QMY,,,red,1000,,,40000,54995,63244.25,19248.25,1222.11,,1.15,22-Dec-22,5,37885.44444,36,7103.520833,50030.17,18500,-31530.17,-26,,,,,
Daniel,Davis,Chevrolet,Elantra,XX35APP,,,red,1000,,,40000,55995,64394.25,19598.25,1244.33,,1.15,24-Nov-22,6,37330,36,6999.375,49928.88,18500,-31428.88,-25,,,,,
Daniel,Martinez,Honda,Optima,QN40NTY,,,red,1000,,,40000,40995,,,1138.75,,1.15,9-Aug-20,,,36,,,,,,,,,,
Emily,Jones,Kia,Camry,HQ17IPB,,,red,1000,,,40000,12995,14944.25,4548.25,288.78,,1.15,20-Nov-22,6,8663.333333,36,,,,,,,,,,
Sarah,Garcia,Kia,3 Series,XQ95WTF,,,red,1000,,,40000,14995,17244.25,5248.25,333.22,,1.15,13-Jun-20,36,0,36,0,5248.25,18500,13251.75,,,,,,
Daniel,Johnson,Hyundai,C-Class,LP38IDT,,,red,1000,,,40000,35995,41394.25,12598.25,799.89,,1.15,1-Mar-22,15,16797.66667,36,3149.5625,26246.35,18500,-7746.35,,,,,,
Jennifer,Miller,Honda,Accord,LP71NIK,,,red,1000,,,40000,14995,17244.25,5248.25,333.22,,1.15,28-Jun-22,11,8330.555556,36,1561.979167,12016.83,18500,6483.17,,,,,,
Sarah,Smith,Kia,A4,JF52VQS,,,red,1000,,,40000,21995,25294.25,7698.25,488.78,,1.15,9-Jul-21,23,6354.111111,36,1191.395833,12860.97,18500,5639.03,,,,,,
John,Williams,Mercedes,A4,OK91CLU,,,red,1000,,,40000,38995,44844.25,13648.25,866.56,,1.15,8-Jun-22,12,20797.33333,36,3899.5,30546.08,18500,-12046.08,,,,,,
Robert,Garcia,Chevrolet,Camry,RU88GUJ,,,red,1000,,,40000,60995,70144.25,21348.25,1355.44,,1.15,23-Nov-22,6,40663.33333,36,7624.375,54387.21,18500,-35887.21,,,,,,
Jessica,Martinez,Hyundai,Silverado,YN93HIM,,,red,1000,,,40000,3995,4594.25,1398.25,88.78,,1.15,11-Oct-21,20,1420.444444,36,266.3333333,2552.36,18500,15947.64,,,,,,
Emily,Martinez,Nissan,Accord,KU68VMO,,,red,1000,,,40000,12995,14944.25,4548.25,288.78,,1.15,3-Apr-22,14,6353.111111,36,1191.208333,9710.15,18500,8789.85,,,,,,
Mike,Williams,Hyundai,Accord,YZ27GMS,,,red,1000,,,40000,24995,28744.25,8748.25,555.44,,1.15,10-Mar-23,3,18329.66667,36,3436.8125,23641.1,18500,-5141.1,,,,,,
Mike,Jones,Audi,A4,FM43ANM,,,red,1000,,,40000,8995,10344.25,3148.25,199.89,,1.15,18-Sep-21,20,3198.222222,36,599.6666667,5746.81,18500,12753.19,,,,,,
Daniel,Jones,Hyundai,Optima,WS11AEA,,,red,1000,,,40000,19995,22994.25,6998.25,444.33,,1.15,12-Mar-22,15,9331,36,1749.5625,14579.69,18500,3920.31,,,,,,
David,Smith,Nissan,F-150,NJ60QVL,,,red,1000,,,40000,48995,56344.25,17148.25,1088.78,,1.15,24-Feb-21,27,9799,36,1837.3125,25109.94,18500,-6609.94,,,,,,
Emily,Anderson,BMW,F-150,XH54DYC,,,red,1000,,,40000,30995,35644.25,10848.25,688.78,,1.15,17-Mar-23,3,22729.66667,36,4261.8125,29316.1,18500,-10816.1,,,,,,
Jessica,Anderson,Audi,Silverado,AP95BYD,,,red,1000,,,40000,21995,25294.25,7698.25,488.78,,1.15,28-Jul-20,34,977.5555556,36,183.2916667,8492.51,18500,10007.49,,,,,,
Jessica,Martinez,Kia,C-Class,TZ47ECG,,,red,1000,,,40000,33995,39094.25,11898.25,755.44,,1.15,8-Sep-20,33,2266.333333,36,424.9375,13739.65,18500,4760.35,,,,,,
Emily,Davis,Toyota,Altima,VR23XFS,,,red,1000,,,40000,39995,45994.25,13998.25,888.78,,1.15,30-Aug-20,33,2666.333333,36,499.9375,16164.65,18500,2335.35,,,,,,
Robert,Johnson,Nissan,F-150,DI98IOA,,,red,1000,,,40000,55995,64394.25,19598.25,1011.02,,1.15,31-Jan-23,4,40751.91667,36,7466,52884.17,,-52884.17,,,,,,
Emily,Jones,BMW,3 Series,XX92WVV,,,red,1000,,,40000,47995,55194.25,16798.25,866.58,,1.15,27-Apr-21,25,16731.59028,36,2199.770833,31330.07,,-31330.07,,,,,,
Jennifer,Johnson,Audi,Optima,TN52DRR,,,red,1000,,,40000,12995,14944.25,4548.25,234.63,,1.15,24-May-21,24,4764.833333,36,649.75,8663.33,,-8663.33,,,,,,
Matthew,Miller,Chevrolet,A4,AW84RZB,,,red,1000,,,40000,43995,50594.25,15398.25,794.35,,1.15,11-Apr-22,14,24075.04167,36,4032.875,35440.42,,-35440.42,,,,,,
Mike,Williams,Toyota,Optima,MX64ZGR,,,red,1000,,,40000,18995,21844.25,6648.25,342.97,,1.15,5-Nov-21,19,8679.659722,36,1345.479167,13982.43,,-13982.43,,,,,,
Robert,Miller,Toyota,Altima,XT11FYU,,,red,1000,,,40000,11995,13794.25,4198.25,216.58,,1.15,16-Nov-22,6,8296.541667,36,1499.375,10995.42,,-10995.42,,,,,,
John,Garcia,Mercedes,3 Series,JV28VLI,,,red,1000,,,40000,19995,22994.25,6998.25,361.02,,1.15,27-Jul-21,22,8053.541667,36,1166.375,13885.42,,-13885.42,,,,,,
Daniel,Williams,Hyundai,3 Series,KO46UPI,,,red,1000,,,40000,22995,26444.25,8048.25,415.19,,1.15,12-Aug-21,22,9261.875,36,1341.375,15968.75,,-15968.75,,,,,,
Matthew,Garcia,Kia,Elantra,PC45SQP,,,red,1000,,,40000,14995,17244.25,5248.25,270.74,,1.15,12-Jul-21,23,5768.909722,36,812.2291667,10204.93,,-10204.93,,,,,,
Emily,Smith,Kia,Optima,ZO14KJL,,,red,1000,,,40000,45995,52894.25,16098.25,830.47,,1.15,6-Aug-20,34,8560.180556,36,383.2916667,24275.14,,-24275.14,,,,,,
John,Smith,Toyota,3 Series,NK12QWK,,,red,1000,,,40000,8995,10344.25,3148.25,162.41,,1.15,9-Jul-20,35,1511.659722,36,37.47916667,4622.43,,-4622.43,,,,,,
Jessica,Jones,Chevrolet,F-150,OT27NVB,,,red,1000,,,40000,12995,14944.25,4548.25,234.63,,1.15,14-Jan-21,29,3591.673611,36,379.0208333,7760.9,,-7760.9,,,,,,
Jennifer,Miller,Kia,Optima,II58EOX,,,red,1000,,,40000,33995,39094.25,11898.25,613.8,,1.15,11-Jan-23,5,24127.00694,36,4391.020833,31634.24,,-31634.24,,,,,,
Mike,Anderson,Hyundai,Optima,HS52WPO,,,red,1000,,,40000,42995,49444.25,15048.25,776.3,,1.15,23-Aug-21,21,18093.72917,36,2687.1875,30454.79,,-30454.79,,,,,,
Emily,Smith,Chevrolet,A4,BL77YND,,,red,1000,,,40000,50995,58644.25,17848.25,920.74,,1.15,12-May-22,13,28826.34028,36,4887.020833,41787.57,,-41787.57,,,,,,
Matthew,Garcia,Chevrolet,Silverado,PO95DRE,,,red,1000,,,40000,49995,57494.25,17498.25,902.69,,1.15,21-Mar-23,2,38190.625,36,7082.625,48606.25,,-48606.25,,,,,,
Sarah,Brown,Audi,3 Series,YM36VDM,,,red,1000,,,40000,31995,36794.25,11198.25,577.69,,1.15,16-Nov-20,30,8265.375,36,799.875,18663.75,,-18663.75,,,,,,
John,Davis,Audi,Elantra,AY78WGV,,,red,1000,,,40000,57995,66694.25,20298.25,1047.13,,1.15,25-Dec-22,5,41160.34028,36,7491.020833,53967.57,,-53967.57,,,,,,
Sarah,Garcia,Chevrolet,3 Series,XZ39FGV,,,red,1000,,,40000,38995,44844.25,13648.25,704.08,,1.15,30-Oct-22,7,26267.46528,36,4711.895833,35203.82,,-35203.82,,,,,,
Daniel,Smith,Mercedes,Altima,OS71BMJ,,,red,1000,,,40000,9995,11494.25,3498.25,277.64,,1.15,15-Aug-20,34,-1443.722222,36,83.29166667,1971.24,,-1971.24,,,,,,
John,Anderson,Audi,3 Series,TI86HJK,,,red,1000,,,40000,35995,41394.25,12598.25,999.86,,1.15,1-Sep-21,21,7798.916667,36,2249.6875,18147.48,,-18147.48,,,,,,
John,Jones,Kia,Accord,XE89VVG,,,red,1000,,,40000,26995,31044.25,9448.25,749.86,,1.15,14-Oct-21,20,6598.777778,36,1799.666667,14247.36,,-14247.36,,,,,,
Mike,Garcia,Toyota,A4,XS49VZI,,,red,1000,,,40000,50995,58644.25,17848.25,1416.53,,1.15,28-Jun-20,35,-8782.472222,36,212.4791667,8853.3,,-8853.3,,,,,,
Mike,Anderson,Honda,3 Series,MA19ODR,,,red,1000,,,40000,7995,9194.25,2798.25,222.08,,1.15,11-May-22,13,3508.916667,36,766.1875,5540.98,,-5540.98,,,,,,
Emily,Williams,Audi,Optima,JP10VEH,,,red,1000,,,40000,6995,8044.25,2448.25,194.31,,1.15,21-Jan-21,28,155.4444444,36,233.1666667,2370.53,,-2370.53,,,,,,
Jessica,Martinez,Toyota,Camry,QE29MMN,,,red,1000,,,40000,20995,24144.25,7348.25,583.19,,1.15,9-Sep-20,33,-2449.416667,36,262.4375,4636.4,,-4636.4,,,,,,
Emily,Miller,Nissan,F-150,RQ79JAM,,,red,1000,,,40000,38995,44844.25,13648.25,1083.19,,1.15,9-Aug-21,22,7365.722222,36,2274.708333,18739.26,,-18739.26,,,,,,
Mike,Williams,Audi,3 Series,WE38KWO,,,red,1000,,,40000,6995,8044.25,2448.25,194.31,,1.15,25-Jan-21,28,155.4444444,36,233.1666667,2370.53,,-2370.53,,,,,,
Daniel,Johnson,Hyundai,Altima,CN28VLC,,,red,1000,,,40000,48995,56344.25,17148.25,1360.97,,1.15,4-Feb-23,4,33752.11111,36,6532.666667,44367.69,,-44367.69,,,,,,
Matthew,Miller,Mercedes,Optima,NF72KOK,,,red,1000,,,40000,35995,41394.25,12598.25,999.86,,1.15,14-Sep-22,9,19797.25,36,4049.4375,28346.06,,-28346.06,,,,,,
Jessica,Brown,Ford,3 Series,VX59XSM,,,red,1000,,,40000,60995,70144.25,21348.25,1694.31,,1.15,21-Aug-21,21,13215.58333,36,3812.1875,30751.65,,-30751.65,,,,,,
Jessica,Anderson,Toyota,Accord,FU17VZT,,,red,1000,,,40000,21995,25294.25,7698.25,610.97,,1.15,9-Aug-22,10,11486.27778,36,2382.791667,16801.74,,-16801.74,,,,,,
Sarah,Miller,Toyota,F-150,WR52RYX,,,red,1000,,,40000,36995,42544.25,12948.25,1027.64,,1.15,17-May-20,36,-7399,36,0,5549.25,,-5549.25,,,,,,
Robert,Williams,Kia,C-Class,BU25LYD,,,red,1000,,,40000,4995,5744.25,1748.25,138.75,,1.15,6-Apr-21,26,388.5,36,208.125,1928.63,,-1928.63,,,,,,
Daniel,Martinez,Ford,A4,DM62GOW,,,red,1000,,,40000,21995,25294.25,7698.25,610.97,,1.15,15-Dec-21,18,6598.5,36,1649.625,12647.13,,-12647.13,,,,,,
Emily,Johnson,Toyota,Camry,YG14JHL,,,red,1000,,,40000,12995,14944.25,4548.25,360.97,,1.15,16-Jan-21,28,288.7777778,36,433.1666667,4403.86,,-4403.86,,,,,,
Daniel,Johnson,Chevrolet,Accord,YX47VMF,,,red,1000,,,40000,24995,28744.25,8748.25,694.31,,1.15,2-Apr-23,2,18607.38889,36,3540.958333,23814.68,,-23814.68,,,,,,
Emily,Johnson,Honda,Altima,BZ10QRB,,,red,1000,,,40000,36995,,,1027.64,,1.15,7-May-21,,,,#DIV/0!,#DIV/0!,,,,,,,,
Jennifer,Williams,Honda,Silverado,OR66KFR,,,red,1000,,,40000,50995,,,1416.53,,1.15,24-Nov-20,,,,#DIV/0!,#DIV/0!,,,,,,,,
Matthew,Martinez,Audi,A4,DT67SHO,,,red,1000,,,40000,26995,,,749.86,,1.15,16-Jan-21,,,,#DIV/0!,#DIV/0!,,,,,,,,
Daniel,Smith,Kia,C-Class,PH80WIO,,,red,1000,,,40000,10995,,,305.42,,1.15,25-Nov-21,,,,#DIV/0!,#DIV/0!,,,,,,,,
Mike,Johnson,Audi,Optima,HR40IWP,,,red,1000,,,40000,4995,,,138.75,,1.15,12-May-22,,,,#DIV/0!,#DIV/0!,,,,,,,,
Jennifer,Anderson,Chevrolet,Optima,PP57FBC,,,red,1000,,,40000,24995,,,694.31,,1.15,20-Mar-21,,,,#DIV/0!,,,,,,,,,
Jessica,Johnson,Chevrolet,Altima,EX19KRR,,,red,1000,,,40000,49995,,,1388.75,,1.15,7-Jan-21,,,,#DIV/0!,,,,,,,,,
Sarah,Jones,Kia,3 Series,PP72GNA,,,red,1000,,,40000,31995,,,888.75,,1.15,31-Jan-22,,,,#DIV/0!,,,,,,,,,
David,Smith,Kia,Accord,CX23YKE,,,red,1000,,,40000,41995,,,1166.53,,1.15,19-May-20,,,,#DIV/0!,,,,,,,,,
Mike,Smith,Toyota,Optima,KZ42RJB,,,red,1000,,,40000,21995,,,610.97,,1.15,6-Jun-22,,,,#DIV/0!,,,,,,,,,
Jennifer,Martinez,Audi,Elantra,FU96CSF,,,red,1000,,,40000,17995,,,499.86,,1.15,1-Jun-21,,,,#DIV/0!,,,,,,,,,
Mike,Brown,Mercedes,3 Series,WV12YFR,,,red,1000,,,40000,35995,,,999.86,,1.15,24-Jun-21,,,,#DIV/0!,,,,,,,,,
Emily,Davis,Mercedes,Camry,UV66CYE,,,red,1000,,,40000,41995,,,1166.53,,1.15,11-Dec-22,,,,#DIV/0!,,,,,,,,,
Mike,Jones,Ford,Camry,AR95XUA,,,red,1000,,,40000,15995,,,444.31,,1.15,25-Nov-20,,,,#DIV/0!,,,,,,,,,
Matthew,Brown,BMW,Silverado,GU54NMZ,,,red,1000,,,40000,4995,,,138.75,,1.15,2-Jul-21,,,,#DIV/0!,,,,,,,,,
John,Miller,Audi,Altima,WG73RMG,,,red,1000,,,40000,25995,,,722.08,,1.15,11-Sep-21,,,,#DIV/0!,,,,,,,,,
Mike,Smith,Honda,Camry,LQ10LGG,,,red,1000,,,40000,23995,,,666.53,,1.15,8-Jul-20,,,,#DIV/0!,,,,,,,,,
John,Smith,Mercedes,Camry,BX58BHB,,,red,1000,,,40000,38995,,,1083.19,,1.15,29-Oct-20,,,,#DIV/0!,,,,,,,,,
Emily,Smith,Hyundai,Altima,IV37KZM,,,red,1000,,,40000,41995,,,1166.53,,1.15,28-Sep-21,,,,,,,,,,,,,
Robert,Brown,Kia,Optima,AZ16SIJ,,,red,1000,,,40000,10995,,,305.42,,1.15,8-Dec-20,,,,,,,,,,,,,
John,Martinez,Hyundai,Optima,CV75TWZ,,,red,1000,,,40000,14995,,,416.53,,1.15,10-Apr-22,,,,,,,,,,,,,
David,Miller,Nissan,Camry,YL66OIZ,,,red,1000,,,40000,39995,,,1110.97,,1.15,27-Feb-23,,,,,,,,,,,,,
Jennifer,Smith,Audi,C-Class,EV78VVT,,,red,1000,,,40000,34995,,,972.08,,1.15,6-Feb-22,,,,,,,,,,,,,
Mike,Miller,Mercedes,3 Series,XJ83FVG,,,red,1000,,,40000,2995,,,83.19,,1.15,29-Jan-21,,,,,,,,,,,,,
Emily,Jones,Honda,Silverado,PD82KIN,,,red,1000,,,40000,45995,,,1277.64,,1.15,14-Mar-23,,,,,,,,,,,,,
David,Johnson,Toyota,Elantra,ZF38RGE,,,red,1000,,,40000,25995,,,722.08,,1.15,19-Mar-23,,,,,,,,,,,,,
Sarah,Martinez,Toyota,Optima,AN52LYB,,,red,1000,,,40000,5995,,,166.53,,1.15,28-Sep-22,,,,,,,,,,,,,
Matthew,Davis,Honda,F-150,UU28FMV,,,red,1000,,,40000,24995,,,694.31,,1.15,26-Oct-20,,,,,,,,,,,,,
Mike,Miller,BMW,Camry,BX54AYD,,,red,1000,,,40000,47995,,,1333.19,,1.15,2-Jun-21,,,,,,,,,,,,,
Emily,Miller,Honda,Camry,DM63QXX,,,red,1000,,,40000,49995,,,1388.75,,1.15,1-May-22,,,,,,,,,,,,,
Sarah,Anderson,Chevrolet,Accord,DJ34HEB,,,red,1000,,,40000,37995,,,1055.42,,1.15,18-Jan-23,,,,,,,,,,,,,
Matthew,Jones,BMW,Accord,SZ53MOD,,,red,1000,,,40000,25995,,,722.08,,1.15,31-Aug-20,,,,,,,,,,,,,
Sarah,Williams,Ford,Altima,NT33SKH,,,red,1000,,,40000,25995,,,722.08,,1.15,8-Jun-22,,,,,,,,,,,,,
Jessica,Jones,Toyota,Accord,JM47FLK,,,red,1000,,,40000,35995,,,999.86,,1.15,9-Jan-21,,,,,,,,,,,,,
Robert,Smith,Kia,Silverado,HX98PAB,,,red,1000,,,40000,9995,,,277.64,,1.15,31-Mar-23,,,,,,,,,,,,,
Robert,Brown,BMW,Altima,RE68SUY,,,red,1000,,,40000,13995,,,388.75,,1.15,24-Apr-20,,,,,,,,,,,,,
Sarah,Williams,Hyundai,F-150,DM77AXZ,,,red,1000,,,40000,7995,,,222.08,,1.15,3-Jun-20,,,,,,,,,,,,,
David,Williams,Chevrolet,Camry,JX13QNM,,,red,1000,,,40000,43995,,,1222.08,,1.15,16-Sep-22,,,,,,,,,,,,,
Matthew,Brown,BMW,Camry,GR90QUH,,,red,1000,,,40000,55995,,,1555.42,,1.15,4-Oct-20,,,,,,,,,,,,,
David,Anderson,Chevrolet,C-Class,PI22TIE,,,red,1000,,,40000,28995,,,805.42,,1.15,6-May-21,,,,,,,,,,,,,
Mike,Anderson,Mercedes,Altima,HA33ORB,,,red,1000,,,40000,21995,,,610.97,,1.15,16-Nov-21,,,,,,,,,,,,,
John,Martinez,Kia,Optima,QQ67WFJ,,,red,1000,,,40000,5995,,,166.53,,1.15,6-Feb-21,,,,,,,,,,,,,
Jennifer,Anderson,Audi,C-Class,GO47PST,,,red,1000,,,40000,8995,,,249.86,,1.15,1-Nov-21,,,,,,,,,,,,,
Daniel,Williams,BMW,F-150,PN99DSY,,,red,1000,,,40000,50995,,,1416.53,,1.15,07/27/2021,,,,,,,,,,,,,
Sarah,Anderson,Audi,C-Class,JI66HTT,,,red,1000,,,40000,45995,,,1277.64,,1.15,7-Aug-20,,,,,,,,,,,,,
David,Williams,Honda,Accord,XA25SBA,,,red,1000,,,40000,23995,,,666.53,,1.15,04/21/2021,,,,,,,,,,,,,
Robert,Brown,Chevrolet,3 Series,ZP58DGK,,,red,1000,,,40000,7995,,,222.08,,1.15,11/30/2021,,,,,,,,,,,,,
John,Brown,Mercedes,Altima,KA32JEE,,,red,1000,,,40000,27995,,,777.64,,1.15,7-Feb-21,,,,,,,,,,,,,
Sarah,Brown,Nissan,A4,QO12UTF,,,red,1000,,,40000,58995,,,1638.75,,1.15,2-Apr-23,,,,,,,,,,,,,
Emily,Williams,Audi,Altima,QM32GFA,,,red,1000,,,40000,5995,,,166.53,,1.15,08/13/2022,,,,,,,,,,,,,
Robert,Johnson,Hyundai,Elantra,SY79ORH,,,red,1000,,,40000,38995,,,1083.19,,1.15,09/22/2021,,,,,,,,,,,,,
Mike,Davis,Ford,Accord,SK88OMK,,,red,1000,,,40000,58995,,,1638.75,,1.15,2-Oct-21,,,,,,,,,,,,,
Matthew,Garcia,Audi,3 Series,LW40VTF,,,red,1000,,,40000,16995,,,472.08,,1.15,03/28/2021,,,,,,,,,,,,,
Matthew,Smith,BMW,Accord,IY11IMC,,,red,1000,,,40000,52995,,,1472.08,,1.15,11/27/2022,,,,,,,,,,,,,
Jennifer,Garcia,Kia,A4,PG48XZK,,,red,1000,,,40000,36995,,,1027.64,,1.15,2-May-22,,,,,,,,,,,,,
Jennifer,Davis,Kia,Altima,XU81LHT,,,red,1000,,,40000,36995,,,1027.64,,1.15,05/30/2022,,,,,,,,,,,,,
Jennifer,Smith,Toyota,C-Class,LQ73OKT,,,red,1000,,,40000,4995,,,138.75,,1.15,12/16/2022,,,,,,,,,,,,,
David,Miller,Audi,A4,HP25BHK,,,red,1000,,,40000,36995,,,1027.64,,1.15,03/24/2021,,,,,,,,,,,,,
Matthew,Miller,Honda,Camry,HV25HDT,,,red,1000,,,40000,57995,,,1610.97,,1.15,9-May-21,,,,,,,,,,,,,
Daniel,Martinez,Hyundai,Altima,OD68WKB,,,red,1000,,,40000,3995,,,110.97,,1.15,5-Sep-21,,,,,,,,,,,,,
Daniel,Garcia,Audi,Silverado,LJ38TBL,,,red,1000,,,40000,19995,,,555.42,,1.15,12-Dec-21,,,,,,,,,,,,,
Robert,Martinez,Kia,Camry,AD85GXW,,,red,1000,,,40000,58995,,,1638.75,,1.15,02/15/2021,,,,,,,,,,,,,
Mike,Garcia,Mercedes,Optima,AY20PTL,,,red,1000,,,40000,31995,,,888.75,,1.15,2-Dec-23,,,,,,,,,,,,,
John,Anderson,Chevrolet,Camry,XW59SZM,,,red,1000,,,40000,50995,,,1416.53,,1.15,1-Nov-23,,,,,,,,,,,,,
Emily,Martinez,Hyundai,Altima,AH14CKS,,,red,1000,,,40000,16995,,,472.08,,1.15,12-Jan-22,,,,,,,,,,,,,
Daniel,Williams,Chevrolet,Optima,SD72NCJ,,,red,1000,,,40000,4995,,,138.75,,1.15,05/15/2021,,,,,,,,,,,,,
Jennifer,Smith,Mercedes,Optima,GN50TGE,,,red,1000,,,40000,7995,,,222.08,,1.15,6-Jul-22,,,,,,,,,,,,,
Robert,Johnson,Toyota,Silverado,WO93IGR,,,red,1000,,,40000,12995,,,360.97,,1.15,3-Jan-23,,,,,,,,,,,,,
Jennifer,Smith,Hyundai,Altima,CS59BLZ,,,red,1000,,,40000,27995,,,777.64,,1.15,03/19/2021,,,,,,,,,,,,,
Mike,Williams,Honda,F-150,AL36NOW,,,red,1000,,,40000,30995,,,860.97,,1.15,03/14/2023,,,,,,,,,,,,,
Jessica,Johnson,Ford,A4,EV36HKG,,,red,1000,,,40000,41995,,,1166.53,,1.15,4-Jan-23,,,,,,,,,,,,,
John,Johnson,Ford,A4,VU78GXD,,,red,1000,,,40000,45995,,,1277.64,,1.15,08/19/2022,,,,,,,,,,,,,
John,Brown,Mercedes,Optima,JE76XDC,,,red,1000,,,40000,55995,,,1555.42,,1.15,11/29/2021,,,,,,,,,,,,,
Matthew,Anderson,Kia,F-150,DS69OEQ,,,red,1000,,,40000,9995,,,277.64,,1.15,01/18/2023,,,,,,,,,,,,,
Sarah,Anderson,Ford,A4,LW67SFB,,,red,1000,,,40000,2995,,,83.19,,1.15,2-Mar-22,,,,,,,,,,,,,
Jennifer,Williams,Ford,A4,TD77EGU,,,red,1000,,,40000,7995,,,222.08,,1.15,11/21/2021,,,,,,,,,,,,,
Jessica,Garcia,Toyota,F-150,HQ96ICH,,,red,1000,,,40000,50995,,,1416.53,,1.15,07/29/2021,,,,,,,,,,,,,
Daniel,Anderson,Nissan,3 Series,DE13DAE,,,red,1000,,,40000,40995,,,1138.75,,1.15,11/16/2020,,,,,,,,,,,,,
John,Williams,Mercedes,Accord,SA41EJJ,,,red,1000,,,40000,22995,,,638.75,,1.15,10-Dec-21,,,,,,,,,,,,,
Mike,Brown,BMW,Camry,RK32APT,,,red,1000,,,40000,42995,,,1194.31,,1.15,10-Mar-22,,,,,,,,,,,,,
Emily,Garcia,Nissan,Silverado,DA64INA,,,red,1000,,,40000,50995,,,1416.53,,1.15,02/17/2023,,,,,,,,,,,,,
Sarah,Johnson,Chevrolet,A4,IH35NXQ,,,red,1000,,,40000,52995,,,1472.08,,1.15,04/27/2020,,,,,,,,,,,,,
John,Williams,Ford,C-Class,HQ44NYH,,,red,1000,,,40000,47995,,,1333.19,,1.15,09/15/2020,,,,,,,,,,,,,
Daniel,Anderson,Audi,A4,UA19OFW,,,red,1000,,,40000,23995,,,666.53,,1.15,03/28/2023,,,,,,,,,,,,,
Jessica,Martinez,Honda,3 Series,XM59MCX,,,red,1000,,,40000,46995,,,1305.42,,1.15,9-Sep-21,,,,,,,,,,,,,
Robert,Brown,Toyota,A4,HT79ZJY,,,red,1000,,,40000,49995,,,1388.75,,1.15,08/25/2021,,,,,,,,,,,,,
Daniel,Jones,BMW,Accord,JZ19CNP,,,red,1000,,,40000,35995,,,999.86,,1.15,08/23/2020,,,,,,,,,,,,,
Jennifer,Johnson,Kia,3 Series,BG12IZP,,,red,1000,,,40000,1995,,,55.42,,1.15,03/25/2023,,,,,,,,,,,,,
Matthew,Anderson,Mercedes,Accord,KP58NWL,,,red,1000,,,40000,57995,,,1610.97,,1.15,05/15/2022,,,,,,,,,,,,,
Emily,Anderson,BMW,Accord,JY57RYL,,,red,1000,,,40000,59995,,,1666.53,,1.15,07/27/2020,,,,,,,,,,,,,
Daniel,Anderson,Nissan,Silverado,OV73KXS,,,red,1000,,,40000,30995,,,860.97,,1.15,07/20/2020,,,,,,,,,,,,,
Emily,Davis,Ford,F-150,MG99AGN,,,red,1000,,,40000,36995,,,1027.64,,1.15,10/29/2020,,,,,,,,,,,,,
Daniel,Williams,Ford,C-Class,OD44FHQ,,,red,1000,,,40000,21995,,,610.97,,1.15,02/22/2021,,,,,,,,,,,,,
David,Anderson,Hyundai,A4,IL32FJK,,,red,1000,,,40000,54995,,,1527.64,,1.15,4-Sep-22,,,,,,,,,,,,,
Emily,Williams,Audi,Silverado,TK55ACY,,,red,1000,,,40000,31995,,,888.75,,1.15,02/25/2022,,,,,,,,,,,,,
Robert,Garcia,Nissan,A4,WB69RFV,,,red,1000,,,40000,7995,,,222.08,,1.15,01/16/2023,,,,,,,,,,,,,
David,Anderson,Ford,F-150,HF95FMT,,,red,1000,,,40000,44995,,,1249.86,,1.15,07/29/2020,,,,,,,,,,,,,
Sarah,Davis,BMW,Altima,FO69NSZ,,,red,1000,,,40000,45995,,,1277.64,,1.15,02/16/2021,,,,,,,,,,,,,
Matthew,Jones,Honda,Camry,,,,red,1000,,,,,,,,,,,,,,,,,,,,,,,
David,Martinez,Chevrolet,F-150,,,,red,1000,,,,,,,,,,,,,,,,,,,,,,,
Daniel,Davis,Chevrolet,3 Series,,,,red,1000,,,,,,,,,,,,,,,,,,,,,,,
Jennifer,Martinez,Mercedes,A4,,,,red,1000,,,,,,,,,,,,,,,,,,,,,,,
Robert,Miller,Ford,Silverado,,,,red,1000,,,,,,,,,,,,,,,,,,,,,,,
Jennifer,Brown,Toyota,Altima,,,,red,1000,,,,,,,,,,,,,,,,,,,,,,,
Mike,Brown,Toyota,Accord,,,,red,1000,,,,,,,,,,,,,,,,,,,,,,,
David,Williams,Mercedes,Silverado,,,,red,1000,,,,,,,,,,,,,,,,,,,,,,,
Robert,Brown,Kia,C-Class,,,,red,1000,,,,,,,,,,,,,,,,,,,,,,,
Jessica,Martinez,Nissan,C-Class,,,,red,1000,,,,,,,,,,,,,,,,,,,,,,,
Jennifer,Jones,Audi,Accord,,,,red,1000,,,,,,,,,,,,,,,,,,,,,,,
Sarah,Martinez,Nissan,Accord,,,,red,1000,,,,,,,,,,,,,,,,,,,,,,,
Emily,Miller,Chevrolet,Optima,,,,red,1000,,,,,,,,,,,,,,,,,,,,,,,
Jennifer,Williams,Toyota,F-150,,,,red,1000,,,,,,,,,,,,,,,,,,,,,,,
Jessica,Miller,Ford,Optima,,,,red,1000,,,,,,,,,,,,,,,,,,,,,,,
Emily,Davis,Audi,Altima,,,,red,1000,,,,,,,,,,,,,,,,,,,,,,,
Mike,Garcia,Nissan,F-150,,,,red,1000,,,,,,,,,,,,,,,,,,,,,,,
Sarah,Garcia,Mercedes,Altima,,,,red,1000,,,,,,,,,,,,,,,,,,,,,,,
Daniel,Garcia,Mercedes,Camry,,,,red,1000,,,,,,,,,,,,,,,,,,,,,,,
John,Jones,Kia,Camry,,,,red,1000,,,,,,,,,,,,,,,,,,,,,,,
Jessica,Johnson,Mercedes,Camry,,,,red,1000,,,,,,,,,,,,,,,,,,,,,,,
Robert,Miller,Ford,F-150,,,,red,1000,,,,,,,,,,,,,,,,,,,,,,,
Daniel,Garcia,Toyota,3 Series,,,,red,1000,,,,,,,,,,,,,,,,,,,,,,,
Robert,Brown,Hyundai,C-Class,,,,red,1000,,,,,,,,,,,,,,,,,,,,,,,
Emily,Johnson,Kia,Altima,,,,red,1000,,,,,,,,,,,,,,,,,,,,,,,
Daniel,Brown,Hyundai,A4,,,,red,1000,,,,,,,,,,,,,,,,,,,,,,,
Jessica,Brown,Audi,Altima,,,,red,1000,,,,,,,,,,,,,,,,,,,,,,,
Mike,Garcia,Nissan,Silverado,,,,red,1000,,,,,,,,,,,,,,,,,,,,,,,
John,Martinez,Nissan,Accord,,,,red,1000,,,,,,,,,,,,,,,,,,,,,,,
Robert,Miller,Nissan,Optima,,,,red,1000,,,,,,,,,,,,,,,,,,,,,,,
Matthew,Martinez,Mercedes,Optima,,,,red,1000,,,,,,,,,,,,,,,,,,,,,,,
Jessica,Garcia,Ford,C-Class,,,,red,1000,,,,,,,,,,,,,,,,,,,,,,,
Jessica,Anderson,Toyota,A4,,,,red,1000,,,,,,,,,,,,,,,,,,,,,,,
Jessica,Miller,Chevrolet,3 Series,,,,red,1000,,,,,,,,,,,,,,,,,,,,,,,
David,Davis,Hyundai,C-Class,,,,red,1000,,,,,,,,,,,,,,,,,,,,,,,
David,Jones,Kia,A4,,,,red,1000,,,,,,,,,,,,,,,,,,,,,,,
Jennifer,Martinez,Ford,C-Class,,,,red,1000,,,,,,,,,,,,,,,,,,,,,,,
Matthew,Williams,Hyundai,C-Class,,,,red,1000,,,,,,,,,,,,,,,,,,,,,,,
Jennifer,Anderson,Audi,Silverado,,,,red,1000,,,,,,,,,,,,,,,,,,,,,,,
Jessica,Brown,Mercedes,Camry,,,,red,1000,,,,,,,,,,,,,,,,,,,,,,,
Jessica,Brown,Audi,3 Series,,,,red,1000,,,,,,,,,,,,,,,,,,,,,,,
Mike,Williams,Audi,Camry,,,,red,1000,,,,,,,,,,,,,,,,,,,,,,,
David,Miller,Hyundai,F-150,,,,red,1000,,,,,,,,,,,,,,,,,,,,,,,
Jessica,Miller,Chevrolet,C-Class,,,,red,1000,,,,,,,,,,,,,,,,,,,,,,,
Sarah,Martinez,Kia,A4,,,,red,1000,,,,,,,,,,,,,,,,,,,,,,,
Mike,Johnson,Ford,C-Class,,,,red,1000,,,,,,,,,,,,,,,,,,,,,,,
Daniel,Brown,Hyundai,Accord,,,,red,1000,,,,,,,,,,,,,,,,,,,,,,,
Jennifer,Johnson,Chevrolet,A4,,,,red,1000,,,,,,,,,,,,,,,,,,,,,,,
Sarah,Anderson,BMW,Altima,,,,red,1000,,,,,,,,,,,,,,,,,,,,,,,
Mike,Smith,Hyundai,F-150,,,,red,1000,,,,,,,,,,,,,,,,,,,,,,,
Jennifer,Williams,Kia,Altima,,,,red,1000,,,,,,,,,,,,,,,,,,,,,,,
John,Brown,Hyundai,F-150,,,,red,1000,,,,,,,,,,,,,,,,,,,,,,,
Mike,Martinez,Mercedes,Optima,,,,red,1000,,,,,,,,,,,,,,,,,,,,,,,
Robert,Williams,Hyundai,Accord,,,,red,1000,,,,,,,,,,,,,,,,,,,,,,,
Robert,Jones,Chevrolet,3 Series,,,,red,1000,,,,,,,,,,,,,,,,,,,,,,,
David,Anderson,Toyota,F-150,,,,red,1000,,,,,,,,,,,,,,,,,,,,,,,
Emily,Johnson,Kia,C-Class,,,,red,1000,,,,,,,,,,,,,,,,,,,,,,,
John,Brown,Ford,Altima,,,,red,1000,,,,,,,,,,,,,,,,,,,,,,,
Matthew,Garcia,Nissan,Altima,,,,red,1000,,,,,,,,,,,,,,,,,,,,,,,
Mike,Davis,Ford,C-Class,,,,red,1000,,,,,,,,,,,,,,,,,,,,,,,
Jennifer,Davis,Toyota,3 Series,,,,red,1000,,,,,,,,,,,,,,,,,,,,,,,
Robert,Martinez,Chevrolet,C-Class,,,,red,1000,,,,,,,,,,,,,,,,,,,,,,,
Jennifer,Anderson,Nissan,A4,,,,red,1000,,,,,,,,,,,,,,,,,,,,,,,
Matthew,Anderson,Toyota,Silverado,,,,red,1000,,,,,,,,,,,,,,,,,,,,,,,
Sarah,Williams,Ford,Accord,,,,red,1000,,,,,,,,,,,,,,,,,,,,,,,
John,Smith,Toyota,Elantra,,,,red,1000,,,,,,,,,,,,,,,,,,,,,,,
Robert,Smith,Audi,3 Series,,,,red,1000,,,,,,,,,,,,,,,,,,,,,,,
Mike,Garcia,BMW,Elantra,,,,red,1000,,,,,,,,,,,,,,,,,,,,,,,
Sarah,Miller,Hyundai,Optima,,,,red,1000,,,,,,,,,,,,,,,,,,,,,,,
Jennifer,Anderson,Mercedes,F-150,,,,red,1000,,,,,,,,,,,,,,,,,,,,,,,
David,Miller,Nissan,Optima,,,,red,1000,,,,,,,,,,,,,,,,,,,,,,,
Jessica,Brown,Hyundai,Accord,,,,red,1000,,,,,,,,,,,,,,,,,,,,,,,
Jessica,Johnson,Audi,Silverado,,,,red,1000,,,,,,,,,,,,,,,,,,,,,,,
Jennifer,Brown,Chevrolet,Altima,,,,red,1000,,,,,,,,,,,,,,,,,,,,,,,
Mike,Jones,Nissan,Accord,,,,red,1000,,,,,,,,,,,,,,,,,,,,,,,
Jessica,Martinez,Nissan,3 Series,,,,red,1000,,,,,,,,,,,,,,,,,,,,,,,
Matthew,Davis,Hyundai,Altima,,,,red,1000,,,,,,,,,,,,,,,,,,,,,,,
David,Anderson,Honda,Altima,,,,red,1000,,,,,,,,,,,,,,,,,,,,,,,
Matthew,Jones,BMW,Accord,,,,red,1000,,,,,,,,,,,,,,,,,,,,,,,
Jennifer,Anderson,Nissan,Elantra,,,,red,1000,,,,,,,,,,,,,,,,,,,,,,,
David,Johnson,Ford,Camry,,,,red,1000,,,,,,,,,,,,,,,,,,,,,,,
Matthew,Anderson,Audi,C-Class,,,,red,1000,,,,,,,,,,,,,,,,,,,,,,,
Sarah,Smith,Hyundai,Camry,,,,red,1000,,,,,,,,,,,,,,,,,,,,,,,
Robert,Jones,Kia,Altima,,,,red,1000,,,,,,,,,,,,,,,,,,,,,,,
Robert,Smith,Ford,3 Series,,,,red,1000,,,,,,,,,,,,,,,,,,,,,,,
Jessica,Jones,BMW,Camry,,,,red,1000,,,,,,,,,,,,,,,,,,,,,,,
Jessica,Martinez,Mercedes,F-150,,,,red,1000,,,,,,,,,,,,,,,,,,,,,,,
Jennifer,Smith,Mercedes,Accord,,,,red,1000,,,,,,,,,,,,,,,,,,,,,,,
Daniel,Garcia,Hyundai,Camry,,,,red,1000,,,,,,,,,,,,,,,,,,,,,,,
Sarah,Williams,Mercedes,F-150,,,,red,1000,,,,,,,,,,,,,,,,,,,,,,,
Robert,Williams,Audi,Silverado,,,,red,1000,,,,,,,,,,,,,,,,,,,,,,,
Robert,Williams,Honda,3 Series,,,,red,1000,,,,,,,,,,,,,,,,,,,,,,,
Emily,Williams,Hyundai,Silverado,,,,red,1000,,,,,,,,,,,,,,,,,,,,,,,
Jessica,Williams,Toyota,A4,,,,red,1000,,,,,,,,,,,,,,,,,,,,,,,
Jessica,Williams,Chevrolet,Camry,,,,red,1000,,,,,,,,,,,,,,,,,,,,,,,
Jennifer,Garcia,Mercedes,Camry,,,,red,1000,,,,,,,,,,,,,,,,,,,,,,,
Daniel,Brown,Mercedes,C-Class,,,,red,1000,,,,,,,,,,,,,,,,,,,,,,,
Emily,Martinez,Honda,Altima,,,,red,1000,,,,,,,,,,,,,,,,,,,,,,,
Sarah,Jones,Kia,Optima,,,,red,1000,,,,,,,,,,,,,,,,,,,,,,,
David,Martinez,Hyundai,3 Series,,,,red,1000,,,,,,,,,,,,,,,,,,,,,,,
Mike,Davis,Hyundai,Optima,,,,red,1000,,,,,,,,,,,,,,,,,,,,,,,
Emily,Anderson,Toyota,F-150,,,,red,1000,,,,,,,,,,,,,,,,,,,,,,,
Sarah,Miller,Ford,F-150,,,,red,1000,,,,,,,,,,,,,,,,,,,,,,,
Matthew,Brown,Hyundai,Camry,,,,red,1000,,,,,,,,,,,,,,,,,,,,,,,
Robert,Anderson,Nissan,Silverado,,,,red,1000,,,,,,,,,,,,,,,,,,,,,,,
Emily,Brown,Chevrolet,Elantra,,,,red,1000,,,,,,,,,,,,,,,,,,,,,,,
Emily,Jones,Ford,C-Class,,,,red,1000,,,,,,,,,,,,,,,,,,,,,,,
David,Jones,BMW,3 Series,,,,red,1000,,,,,,,,,,,,,,,,,,,,,,,
Mike,Smith,BMW,Accord,,,,red,1000,,,,,,,,,,,,,,,,,,,,,,,
Mike,Anderson,Chevrolet,A4,,,,red,1000,,,,,,,,,,,,,,,,,,,,,,,
David,Jones,Ford,3 Series,,,,red,1000,,,,,,,,,,,,,,,,,,,,,,,
Jessica,Johnson,Kia,F-150,,,,red,1000,,,,,,,,,,,,,,,,,,,,,,,
John,Martinez,BMW,Elantra,,,,red,1000,,,,,,,,,,,,,,,,,,,,,,,
David,Williams,Chevrolet,Elantra,,,,red,1000,,,,,,,,,,,,,,,,,,,,,,,
Matthew,Brown,Mercedes,Elantra,,,,red,1000,,,,,,,,,,,,,,,,,,,,,,,
Emily,Garcia,Ford,C-Class,,,,red,1000,,,,,,,,,,,,,,,,,,,,,,,
Robert,Garcia,Chevrolet,Silverado,,,,red,1000,,,,,,,,,,,,,,,,,,,,,,,
Daniel,Jones,Audi,Camry,,,,red,1000,,,,,,,,,,,,,,,,,,,,,,,
Emily,Johnson,Hyundai,Accord,,,,red,1000,,,,,,,,,,,,,,,,,,,,,,,
Sarah,Smith,Toyota,F-150,,,,red,1000,,,,,,,,,,,,,,,,,,,,,,,
Mike,Brown,Nissan,C-Class,,,,red,1000,,,,,,,,,,,,,,,,,,,,,,,
Emily,Davis,Audi,Accord,,,,red,1000,,,,,,,,,,,,,,,,,,,,,,,
John,Davis,Audi,Altima,,,,red,1000,,,,,,,,,,,,,,,,,,,,,,,
Daniel,Martinez,Audi,F-150,,,,red,1000,,,,,,,,,,,,,,,,,,,,,,,
John,Davis,Toyota,Altima,,,,red,1000,,,,,,,,,,,,,,,,,,,,,,,
John,Smith,Kia,Silverado,,,,red,1000,,,,,,,,,,,,,,,,,,,,,,,
Emily,Williams,Honda,Optima,,,,red,1000,,,,,,,,,,,,,,,,,,,,,,,
Sarah,Anderson,Ford,Accord,,,,red,1000,,,,,,,,,,,,,,,,,,,,,,,
Emily,Martinez,Audi,F-150,,,,red,1000,,,,,,,,,,,,,,,,,,,,,,,
Mike,Smith,Hyundai,Silverado,,,,red,1000,,,,,,,,,,,,,,,,,,,,,,,
John,Jones,Nissan,Silverado,,,,red,1000,,,,,,,,,,,,,,,,,,,,,,,
Robert,Smith,Ford,C-Class,,,,red,1000,,,,,,,,,,,,,,,,,,,,,,,
John,Anderson,Chevrolet,Altima,,,,red,1000,,,,,,,,,,,,,,,,,,,,,,,
Jessica,Anderson,Nissan,A4,,,,red,1000,,,,,,,,,,,,,,,,,,,,,,,
Jessica,Martinez,Toyota,Optima,,,,red,1000,,,,,,,,,,,,,,,,,,,,,,,
David,Miller,Honda,Silverado,,,,red,1000,,,,,,,,,,,,,,,,,,,,,,,
Jessica,Anderson,Audi,Altima,,,,red,1000,,,,,,,,,,,,,,,,,,,,,,,
David,Williams,BMW,F-150,,,,red,1000,,,,,,,,,,,,,,,,,,,,,,,
Jennifer,Garcia,Toyota,Camry,,,,red,1000,,,,,,,,,,,,,,,,,,,,,,,
Emily,Smith,Hyundai,A4,,,,red,1000,,,,,,,,,,,,,,,,,,,,,,,
Sarah,Anderson,Kia,Silverado,,,,red,1000,,,,,,,,,,,,,,,,,,,,,,,
Matthew,Garcia,Toyota,A4,,,,red,1000,,,,,,,,,,,,,,,,,,,,,,,
Mike,Miller,Ford,Optima,,,,red,1000,,,,,,,,,,,,,,,,,,,,,,,
Jennifer,Williams,Mercedes,Elantra,,,,red,1000,,,,,,,,,,,,,,,,,,,,,,,
Robert,Smith,Mercedes,Optima,,,,red,1000,,,,,,,,,,,,,,,,,,,,,,,
Jennifer,Brown,Toyota,Altima,,,,red,1000,,,,,,,,,,,,,,,,,,,,,,,
Robert,Anderson,Hyundai,Altima,,,,red,1000,,,,,,,,,,,,,,,,,,,,,,,
Jennifer,Jones,Chevrolet,Optima,,,,red,1000,,,,,,,,,,,,,,,,,,,,,,,
Robert,Jones,BMW,C-Class,,,,red,1000,,,,,,,,,,,,,,,,,,,,,,,
David,Martinez,Toyota,Accord,,,,red,1000,,,,,,,,,,,,,,,,,,,,,,,
Sarah,Garcia,Honda,C-Class,,,,red,1000,,,,,,,,,,,,,,,,,,,,,,,
Sarah,Jones,Toyota,Optima,,,,red,1000,,,,,,,,,,,,,,,,,,,,,,,
Robert,Anderson,Toyota,F-150,,,,red,1000,,,,,,,,,,,,,,,,,,,,,,,
John,Johnson,Ford,A4,,,,red,1000,,,,,,,,,,,,,,,,,,,,,,,
Daniel,Williams,Chevrolet,Optima,,,,red,1000,,,,,,,,,,,,,,,,,,,,,,,
Mike,Brown,Ford,Camry,,,,red,1000,,,,,,,,,,,,,,,,,,,,,,,
Daniel,Johnson,Nissan,Camry,,,,red,1000,,,,,,,,,,,,,,,,,,,,,,,
Daniel,Anderson,Toyota,A4,,,,red,1000,,,,,,,,,,,,,,,,,,,,,,,
David,Jones,BMW,Elantra,,,,red,1000,,,,,,,,,,,,,,,,,,,,,,,
John,Jones,Chevrolet,Camry,,,,red,1000,,,,,,,,,,,,,,,,,,,,,,,
Daniel,Anderson,Ford,Altima,,,,red,1000,,,,,,,,,,,,,,,,,,,,,,,
Sarah,Smith,Kia,Accord,,,,red,1000,,,,,,,,,,,,,,,,,,,,,,,
Jennifer,Anderson,Ford,Camry,,,,red,1000,,,,,,,,,,,,,,,,,,,,,,,
Mike,Martinez,Nissan,Optima,,,,red,1000,,,,,,,,,,,,,,,,,,,,,,,
Daniel,Brown,Nissan,F-150,,,,red,1000,,,,,,,,,,,,,,,,,,,,,,,
John,Garcia,Chevrolet,C-Class,,,,red,1000,,,,,,,,,,,,,,,,,,,,,,,
Daniel,Williams,Ford,F-150,,,,red,1000,,,,,,,,,,,,,,,,,,,,,,,
Daniel,Jones,Chevrolet,Altima,,,,red,1000,,,,,,,,,,,,,,,,,,,,,,,
Jennifer,Miller,Kia,Camry,,,,red,1000,,,,,,,,,,,,,,,,,,,,,,,
Sarah,Davis,Toyota,F-150,,,,red,1000,,,,,,,,,,,,,,,,,,,,,,,
John,Anderson,Kia,A4,,,,red,1000,,,,,,,,,,,,,,,,,,,,,,,
David,Anderson,Hyundai,Optima,,,,red,1000,,,,,,,,,,,,,,,,,,,,,,,
Jessica,Miller,Audi,Camry,,,,red,1000,,,,,,,,,,,,,,,,,,,,,,,
Matthew,Garcia,BMW,C-Class,,,,red,1000,,,,,,,,,,,,,,,,,,,,,,,
Emily,Brown,Kia,3 Series,,,,red,1000,,,,,,,,,,,,,,,,,,,,,,,
Emily,Smith,Ford,Optima,,,,red,1000,,,,,,,,,,,,,,,,,,,,,,,
Robert,Williams,Toyota,C-Class,,,,red,1000,,,,,,,,,,,,,,,,,,,,,,,
Matthew,Williams,Chevrolet,Accord,,,,red,1000,,,,,,,,,,,,,,,,,,,,,,,
David,Smith,Audi,3 Series,,,,red,1000,,,,,,,,,,,,,,,,,,,,,,,
Daniel,Williams,Chevrolet,Optima,,,,red,1000,,,,,,,,,,,,,,,,,,,,,,,
Mike,Brown,Honda,Silverado,,,,red,1000,,,,,,,,,,,,,,,,,,,,,,,
Jessica,Anderson,Kia,Camry,,,,red,1000,,,,,,,,,,,,,,,,,,,,,,,
Jessica,Davis,BMW,Altima,,,,red,1000,,,,,,,,,,,,,,,,,,,,,,,
Emily,Williams,Mercedes,A4,,,,red,1000,,,,,,,,,,,,,,,,,,,,,,,
Sarah,Davis,Ford,3 Series,,,,red,1000,,,,,,,,,,,,,,,,,,,,,,,
Daniel,Williams,Toyota,Accord,,,,red,1000,,,,,,,,,,,,,,,,,,,,,,,
Daniel,Garcia,Hyundai,Accord,,,,red,1000,,,,,,,,,,,,,,,,,,,,,,,
Sarah,Jones,Honda,Elantra,,,,red,1000,,,,,,,,,,,,,,,,,,,,,,,
John,Smith,Mercedes,Optima,,,,red,1000,,,,,,,,,,,,,,,,,,,,,,,
Daniel,Martinez,Audi,F-150,,,,red,1000,,,,,,,,,,,,,,,,,,,,,,,
Robert,Brown,Hyundai,Altima,,,,red,1000,,,,,,,,,,,,,,,,,,,,,,,
Daniel,Garcia,BMW,Optima,,,,red,1000,,,,,,,,,,,,,,,,,,,,,,,
Mike,Johnson,Ford,Optima,,,,red,1000,,,,,,,,,,,,,,,,,,,,,,,
Mike,Martinez,Chevrolet,C-Class,,,,red,1000,,,,,,,,,,,,,,,,,,,,,,,
Jennifer,Williams,BMW,3 Series,,,,red,1000,,,,,,,,,,,,,,,,,,,,,,,
Matthew,Garcia,Toyota,3 Series,,,,red,1000,,,,,,,,,,,,,,,,,,,,,,,
Mike,Anderson,Nissan,3 Series,,,,red,1000,,,,,,,,,,,,,,,,,,,,,,,
Mike,Williams,Hyundai,Camry,,,,red,1000,,,,,,,,,,,,,,,,,,,,,,,
Mike,Anderson,Audi,Silverado,,,,red,1000,,,,,,,,,,,,,,,,,,,,,,,
Sarah,Smith,Hyundai,Silverado,,,,red,1000,,,,,,,,,,,,,,,,,,,,,,,
Emily,Miller,Mercedes,F-150,,,,red,1000,,,,,,,,,,,,,,,,,,,,,,,
David,Martinez,Ford,Camry,,,,red,1000,,,,,,,,,,,,,,,,,,,,,,,
Mike,Anderson,Nissan,A4,,,,red,1000,,,,,,,,,,,,,,,,,,,,,,,
Jessica,Miller,BMW,Altima,,,,red,1000,,,,,,,,,,,,,,,,,,,,,,,
Emily,Johnson,BMW,Accord,,,,red,1000,,,,,,,,,,,,,,,,,,,,,,,
Jennifer,Brown,Chevrolet,C-Class,,,,red,1000,,,,,,,,,,,,,,,,,,,,,,,
Daniel,Davis,Chevrolet,Elantra,,,,red,1000,,,,,,,,,,,,,,,,,,,,,,,
Jessica,Davis,Toyota,C-Class,,,,red,1000,,,,,,,,,,,,,,,,,,,,,,,
Emily,Williams,Kia,3 Series,,,,red,1000,,,,,,,,,,,,,,,,,,,,,,,
Jessica,Miller,BMW,Camry,,,,red,1000,,,,,,,,,,,,,,,,,,,,,,,
David,Davis,Honda,F-150,,,,red,1000,,,,,,,,,,,,,,,,,,,,,,,
Daniel,Johnson,Audi,Silverado,,,,red,1000,,,,,,,,,,,,,,,,,,,,,,,
Mike,Martinez,Ford,Silverado,,,,red,1000,,,,,,,,,,,,,,,,,,,,,,,
Mike,Davis,Hyundai,A4,,,,red,1000,,,,,,,,,,,,,,,,,,,,,,,
Sarah,Martinez,Chevrolet,3 Series,,,,red,1000,,,,,,,,,,,,,,,,,,,,,,,
Daniel,Johnson,Toyota,Camry,,,,red,1000,,,,,,,,,,,,,,,,,,,,,,,
Matthew,Garcia,Hyundai,3 Series,,,,red,1000,,,,,,,,,,,,,,,,,,,,,,,
Emily,Martinez,Nissan,Altima,,,,red,1000,,,,,,,,,,,,,,,,,,,,,,,
Robert,Brown,Honda,Altima,,,,red,1000,,,,,,,,,,,,,,,,,,,,,,,
Jessica,Davis,Nissan,F-150,,,,red,1000,,,,,,,,,,,,,,,,,,,,,,,
Daniel,Miller,Honda,Elantra,,,,red,1000,,,,,,,,,,,,,,,,,,,,,,,
Emily,Garcia,Toyota,A4,,,,red,1000,,,,,,,,,,,,,,,,,,,,,,,
Robert,Smith,BMW,Accord,,,,red,1000,,,,,,,,,,,,,,,,,,,,,,,
Emily,Anderson,Mercedes,Camry,,,,red,1000,,,,,,,,,,,,,,,,,,,,,,,
Emily,Miller,BMW,C-Class,,,,red,1000,,,,,,,,,,,,,,,,,,,,,,,
Matthew,Brown,Kia,Accord,,,,red,1000,,,,,,,,,,,,,,,,,,,,,,,
David,Anderson,Ford,Accord,,,,red,1000,,,,,,,,,,,,,,,,,,,,,,,
Mike,Davis,Toyota,Optima,,,,red,1000,,,,,,,,,,,,,,,,,,,,,,,
Jennifer,Martinez,Chevrolet,Optima,,,,red,1000,,,,,,,,,,,,,,,,,,,,,,,
Emily,Johnson,Nissan,Silverado,,,,red,1000,,,,,,,,,,,,,,,,,,,,,,,
David,Brown,Chevrolet,F-150,,,,red,1000,,,,,,,,,,,,,,,,,,,,,,,
Jennifer,Miller,Hyundai,Altima,,,,red,1000,,,,,,,,,,,,,,,,,,,,,,,
Emily,Davis,Ford,Elantra,,,,red,1000,,,,,,,,,,,,,,,,,,,,,,,
Jessica,Garcia,Mercedes,C-Class,,,,red,1000,,,,,,,,,,,,,,,,,,,,,,,
Jessica,Brown,Toyota,C-Class,,,,red,1000,,,,,,,,,,,,,,,,,,,,,,,
Emily,Anderson,Nissan,Camry,,,,red,1000,,,,,,,,,,,,,,,,,,,,,,,
Jennifer,Williams,Kia,Accord,,,,red,1000,,,,,,,,,,,,,,,,,,,,,,,
David,Johnson,Hyundai,F-150,,,,red,1000,,,,,,,,,,,,,,,,,,,,,,,
Sarah,Williams,BMW,Optima,,,,red,1000,,,,,,,,,,,,,,,,,,,,,,,
Daniel,Davis,Ford,Altima,,,,red,1000,,,,,,,,,,,,,,,,,,,,,,,
Jennifer,Davis,BMW,A4,,,,red,1000,,,,,,,,,,,,,,,,,,,,,,,
John,Davis,Audi,F-150,,,,red,1000,,,,,,,,,,,,,,,,,,,,,,,
Emily,Johnson,Hyundai,Accord,,,,red,1000,,,,,,,,,,,,,,,,,,,,,,,
John,Johnson,Kia,F-150,,,,red,1000,,,,,,,,,,,,,,,,,,,,,,,
Robert,Williams,Audi,Silverado,,,,red,1000,,,,,,,,,,,,,,,,,,,,,,,
Jessica,Garcia,Toyota,F-150,,,,red,1000,,,,,,,,,,,,,,,,,,,,,,,
Jessica,Williams,Ford,Altima,,,,red,1000,,,,,,,,,,,,,,,,,,,,,,,
Matthew,Garcia,BMW,Accord,,,,red,1000,,,,,,,,,,,,,,,,,,,,,,,
Sarah,Jones,Chevrolet,Silverado,,,,red,1000,,,,,,,,,,,,,,,,,,,,,,,
Emily,Johnson,Chevrolet,Altima,,,,red,1000,,,,,,,,,,,,,,,,,,,,,,,
John,Williams,Toyota,Optima,,,,red,1000,,,,,,,,,,,,,,,,,,,,,,,
Emily,Davis,Kia,Accord,,,,red,1000,,,,,,,,,,,,,,,,,,,,,,,
Jennifer,Brown,BMW,Altima,,,,red,1000,,,,,,,,,,,,,,,,,,,,,,,
David,Williams,Honda,Accord,,,,red,1000,,,,,,,,,,,,,,,,,,,,,,,
John,Garcia,Kia,3 Series,,,,red,1000,,,,,,,,,,,,,,,,,,,,,,,
John,Williams,Chevrolet,Accord,,,,red,1000,,,,,,,,,,,,,,,,,,,,,,,
Jennifer,Johnson,Chevrolet,Camry,,,,red,1000,,,,,,,,,,,,,,,,,,,,,,,
Jessica,Anderson,Honda,Optima,,,,red,1000,,,,,,,,,,,,,,,,,,,,,,,
Mike,Jones,BMW,Altima,,,,red,1000,,,,,,,,,,,,,,,,,,,,,,,
John,Smith,BMW,Altima,,,,red,1000,,,,,,,,,,,,,,,,,,,,,,,
Jessica,Brown,Toyota,A4,,,,red,1000,,,,,,,,,,,,,,,,,,,,,,,
David,Miller,Mercedes,A4,,,,red,1000,,,,,,,,,,,,,,,,,,,,,,,
David,Johnson,Chevrolet,Altima,,,,red,1000,,,,,,,,,,,,,,,,,,,,,,,
Mike,Miller,Toyota,Silverado,,,,red,1000,,,,,,,,,,,,,,,,,,,,,,,
Jessica,Miller,Nissan,C-Class,,,,red,1000,,,,,,,,,,,,,,,,,,,,,,,
Jessica,Martinez,Honda,Camry,,,,red,1000,,,,,,,,,,,,,,,,,,,,,,,
Daniel,Miller,Toyota,F-150,,,,red,1000,,,,,,,,,,,,,,,,,,,,,,,
Jennifer,Jones,Toyota,Optima,,,,red,1000,,,,,,,,,,,,,,,,,,,,,,,
Jessica,Anderson,BMW,Camry,,,,red,1000,,,,,,,,,,,,,,,,,,,,,,,
Jessica,Brown,BMW,Altima,,,,red,1000,,,,,,,,,,,,,,,,,,,,,,,
Mike,Brown,Mercedes,3 Series,,,,red,1000,,,,,,,,,,,,,,,,,,,,,,,
Robert,Miller,Hyundai,3 Series,,,,red,1000,,,,,,,,,,,,,,,,,,,,,,,
Robert,Brown,Mercedes,3 Series,,,,red,1000,,,,,,,,,,,,,,,,,,,,,,,
Emily,Brown,Ford,Camry,,,,red,1000,,,,,,,,,,,,,,,,,,,,,,,
Matthew,Davis,Ford,Optima,,,,red,1000,,,,,,,,,,,,,,,,,,,,,,,
John,Smith,BMW,F-150,,,,red,1000,,,,,,,,,,,,,,,,,,,,,,,
Matthew,Smith,Audi,Optima,,,,red,1000,,,,,,,,,,,,,,,,,,,,,,,
Daniel,Smith,Audi,Optima,,,,red,1000,,,,,,,,,,,,,,,,,,,,,,,
Jennifer,Davis,Toyota,Camry,,,,red,1000,,,,,,,,,,,,,,,,,,,,,,,
Matthew,Brown,Chevrolet,C-Class,,,,red,1000,,,,,,,,,,,,,,,,,,,,,,,
John,Martinez,BMW,Elantra,,,,red,1000,,,,,,,,,,,,,,,,,,,,,,,
Jennifer,Martinez,Honda,Optima,,,,red,1000,,,,,,,,,,,,,,,,,,,,,,,
Robert,Miller,Ford,Optima,,,,red,1000,,,,,,,,,,,,,,,,,,,,,,,
Sarah,Brown,Audi,Optima,,,,red,1000,,,,,,,,,,,,,,,,,,,,,,,
Emily,Smith,Kia,C-Class,,,,red,1000,,,,,,,,,,,,,,,,,,,,,,,
Robert,Williams,Audi,Camry,,,,red,1000,,,,,,,,,,,,,,,,,,,,,,,
Matthew,Brown,Chevrolet,Altima,,,,red,1000,,,,,,,,,,,,,,,,,,,,,,,
Jessica,Smith,Ford,Camry,,,,red,1000,,,,,,,,,,,,,,,,,,,,,,,
Emily,Johnson,Audi,Camry,,,,red,1000,,,,,,,,,,,,,,,,,,,,,,,
Jessica,Smith,Kia,F-150,,,,red,1000,,,,,,,,,,,,,,,,,,,,,,,
Daniel,Miller,Audi,Accord,,,,red,1000,,,,,,,,,,,,,,,,,,,,,,,
Sarah,Garcia,Honda,Altima,,,,red,1000,,,,,,,,,,,,,,,,,,,,,,,
Matthew,Garcia,Toyota,C-Class,,,,red,1000,,,,,,,,,,,,,,,,,,,,,,,
David,Martinez,Nissan,Accord,,,,red,1000,,,,,,,,,,,,,,,,,,,,,,,
Mike,Garcia,Audi,Altima,,,,red,1000,,,,,,,,,,,,,,,,,,,,,,,
Jennifer,Johnson,Mercedes,Camry,,,,red,1000,,,,,,,,,,,,,,,,,,,,,,,
Emily,Williams,Audi,F-150,,,,red,1000,,,,,,,,,,,,,,,,,,,,,,,
Jennifer,Johnson,Kia,F-150,,,,red,1000,,,,,,,,,,,,,,,,,,,,,,,
Sarah,Martinez,Nissan,Elantra,,,,red,1000,,,,,,,,,,,,,,,,,,,,,,,
Jessica,Smith,BMW,A4,,,,red,1000,,,,,,,,,,,,,,,,,,,,,,,
Jessica,Brown,Toyota,F-150,,,,red,1000,,,,,,,,,,,,,,,,,,,,,,,
Robert,Martinez,Ford,C-Class,,,,red,1000,,,,,,,,,,,,,,,,,,,,,,,
Sarah,Miller,Hyundai,Optima,,,,red,1000,,,,,,,,,,,,,,,,,,,,,,,
David,Anderson,Honda,Silverado,,,,red,1000,,,,,,,,,,,,,,,,,,,,,,,
Sarah,Anderson,Honda,Silverado,,,,red,1000,,,,,,,,,,,,,,,,,,,,,,,
Emily,Davis,Honda,Optima,,,,red,1000,,,,,,,,,,,,,,,,,,,,,,,
Emily,Johnson,Ford,A4,,,,red,1000,,,,,,,,,,,,,,,,,,,,,,,
Emily,Williams,Nissan,C-Class,,,,red,1000,,,,,,,,,,,,,,,,,,,,,,,
Emily,Garcia,Honda,F-150,,,,red,1000,,,,,,,,,,,,,,,,,,,,,,,
Jennifer,Martinez,Mercedes,3 Series,,,,red,1000,,,,,,,,,,,,,,,,,,,,,,,
Jennifer,Anderson,Kia,Accord,,,,red,1000,,,,,,,,,,,,,,,,,,,,,,,
Emily,Miller,Toyota,Camry,,,,red,1000,,,,,,,,,,,,,,,,,,,,,,,
Daniel,Jones,Kia,Silverado,,,,red,1000,,,,,,,,,,,,,,,,,,,,,,,
Jennifer,Brown,Honda,Accord,,,,red,1000,,,,,,,,,,,,,,,,,,,,,,,
Jennifer,Jones,Hyundai,Accord,,,,red,1000,,,,,,,,,,,,,,,,,,,,,,,
John,Garcia,Audi,Camry,,,,red,1000,,,,,,,,,,,,,,,,,,,,,,,
John,Williams,Kia,Silverado,,,,red,1000,,,,,,,,,,,,,,,,,,,,,,,
Robert,Williams,Ford,3 Series,,,,red,1000,,,,,,,,,,,,,,,,,,,,,,,
Matthew,Jones,Toyota,Elantra,,,,red,1000,,,,,,,,,,,,,,,,,,,,,,,
Matthew,Garcia,Honda,Elantra,,,,red,1000,,,,,,,,,,,,,,,,,,,,,,,
John,Garcia,Mercedes,Camry,,,,red,1000,,,,,,,,,,,,,,,,,,,,,,,
Robert,Williams,Ford,Silverado,,,,red,1000,,,,,,,,,,,,,,,,,,,,,,,
John,Brown,Nissan,Silverado,,,,red,1000,,,,,,,,,,,,,,,,,,,,,,,
Jessica,Brown,Ford,Silverado,,,,red,1000,,,,,,,,,,,,,,,,,,,,,,,
Matthew,Williams,Audi,Silverado,,,,red,1000,,,,,,,,,,,,,,,,,,,,,,,
Matthew,Smith,Mercedes,Altima,,,,red,1000,,,,,,,,,,,,,,,,,,,,,,,
Jessica,Brown,Honda,A4,,,,red,1000,,,,,,,,,,,,,,,,,,,,,,,
Robert,Jones,Honda,Accord,,,,red,1000,,,,,,,,,,,,,,,,,,,,,,,
Jessica,Williams,BMW,C-Class,,,,red,1000,,,,,,,,,,,,,,,,,,,,,,,
Emily,Jones,Hyundai,C-Class,,,,red,1000,,,,,,,,,,,,,,,,,,,,,,,
Mike,Miller,Mercedes,3 Series,,,,red,1000,,,,,,,,,,,,,,,,,,,,,,,
Jessica,Jones,Toyota,3 Series,,,,red,1000,,,,,,,,,,,,,,,,,,,,,,,
Robert,Davis,Nissan,Altima,,,,red,1000,,,,,,,,,,,,,,,,,,,,,,,
Mike,Miller,Chevrolet,Camry,,,,red,1000,,,,,,,,,,,,,,,,,,,,,,,
Emily,Smith,Honda,C-Class,,,,red,1000,,,,,,,,,,,,,,,,,,,,,,,
John,Davis,Ford,Optima,,,,red,1000,,,,,,,,,,,,,,,,,,,,,,,
Emily,Martinez,Nissan,3 Series,,,,red,1000,,,,,,,,,,,,,,,,,,,,,,,
Mike,Williams,Nissan,Camry,,,,red,1000,,,,,,,,,,,,,,,,,,,,,,,
John,Brown,BMW,Altima,,,,red,1000,,,,,,,,,,,,,,,,,,,,,,,
Emily,Miller,BMW,F-150,,,,red,1000,,,,,,,,,,,,,,,,,,,,,,,
Robert,Miller,BMW,Optima,,,,red,1000,,,,,,,,,,,,,,,,,,,,,,,
Daniel,Anderson,Nissan,Elantra,,,,red,1000,,,,,,,,,,,,,,,,,,,,,,,
David,Williams,Honda,Elantra,,,,red,1000,,,,,,,,,,,,,,,,,,,,,,,
Emily,Davis,Mercedes,Accord,,,,red,1000,,,,,,,,,,,,,,,,,,,,,,,
Mike,Miller,Ford,Camry,,,,red,1000,,,,,,,,,,,,,,,,,,,,,,,
Sarah,Anderson,Mercedes,Elantra,,,,red,1000,,,,,,,,,,,,,,,,,,,,,,,
Sarah,Martinez,Audi,Optima,,,,red,1000,,,,,,,,,,,,,,,,,,,,,,,
Daniel,Jones,Toyota,F-150,,,,red,1000,,,,,,,,,,,,,,,,,,,,,,,
Jessica,Brown,BMW,Altima,,,,red,1000,,,,,,,,,,,,,,,,,,,,,,,
Emily,Jones,BMW,3 Series,,,,red,1000,,,,,,,,,,,,,,,,,,,,,,,
Matthew,Brown,Kia,Accord,,,,red,1000,,,,,,,,,,,,,,,,,,,,,,,
Emily,Jones,Nissan,Elantra,,,,red,1000,,,,,,,,,,,,,,,,,,,,,,,
Matthew,Anderson,Chevrolet,A4,,,,red,1000,,,,,,,,,,,,,,,,,,,,,,,
Jessica,Davis,Nissan,Silverado,,,,red,1000,,,,,,,,,,,,,,,,,,,,,,,
Sarah,Davis,Nissan,Elantra,,,,red,1000,,,,,,,,,,,,,,,,,,,,,,,
Robert,Garcia,Audi,Elantra,,,,red,1000,,,,,,,,,,,,,,,,,,,,,,,
Emily,Anderson,Nissan,Camry,,,,red,1000,,,,,,,,,,,,,,,,,,,,,,,
Jennifer,Martinez,Toyota,F-150,,,,red,1000,,,,,,,,,,,,,,,,,,,,,,,
Jennifer,Martinez,Kia,Altima,,,,red,1000,,,,,,,,,,,,,,,,,,,,,,,
Jessica,Brown,Ford,Altima,,,,red,1000,,,,,,,,,,,,,,,,,,,,,,,
Daniel,Jones,BMW,Silverado,,,,red,1000,,,,,,,,,,,,,,,,,,,,,,,
Matthew,Davis,Chevrolet,Camry,,,,red,1000,,,,,,,,,,,,,,,,,,,,,,,
Daniel,Johnson,BMW,3 Series,,,,red,1000,,,,,,,,,,,,,,,,,,,,,,,
Emily,Smith,BMW,Silverado,,,,red,1000,,,,,,,,,,,,,,,,,,,,,,,
Daniel,Williams,Nissan,Altima,,,,red,1000,,,,,,,,,,,,,,,,,,,,,,,
Robert,Garcia,Ford,Optima,,,,red,1000,,,,,,,,,,,,,,,,,,,,,,,
Matthew,Smith,Toyota,Altima,,,,red,1000,,,,,,,,,,,,,,,,,,,,,,,
Jessica,Williams,Kia,F-150,,,,red,1000,,,,,,,,,,,,,,,,,,,,,,,
Sarah,Miller,Toyota,Optima,,,,red,1000,,,,,,,,,,,,,,,,,,,,,,,
Jessica,Smith,Audi,Altima,,,,red,1000,,,,,,,,,,,,,,,,,,,,,,,
Mike,Smith,Nissan,C-Class,,,,red,1000,,,,,,,,,,,,,,,,,,,,,,,
Matthew,Garcia,Kia,Elantra,,,,red,1000,,,,,,,,,,,,,,,,,,,,,,,
Daniel,Johnson,Ford,C-Class,,,,red,1000,,,,,,,,,,,,,,,,,,,,,,,
Sarah,Johnson,Toyota,Camry,,,,red,1000,,,,,,,,,,,,,,,,,,,,,,,
Daniel,Miller,Honda,Elantra,,,,red,1000,,,,,,,,,,,,,,,,,,,,,,,
Daniel,Garcia,BMW,F-150,,,,red,1000,,,,,,,,,,,,,,,,,,,,,,,
Jessica,Jones,Chevrolet,Camry,,,,red,1000,,,,,,,,,,,,,,,,,,,,,,,
Matthew,Brown,BMW,Altima,,,,red,1000,,,,,,,,,,,,,,,,,,,,,,,
David,Johnson,Audi,Accord,,,,red,1000,,,,,,,,,,,,,,,,,,,,,,,
Matthew,Smith,BMW,A4,,,,red,1000,,,,,,,,,,,,,,,,,,,,,,,
Mike,Martinez,Nissan,Elantra,,,,red,1000,,,,,,,,,,,,,,,,,,,,,,,
Emily,Williams,BMW,3 Series,,,,red,1000,,,,,,,,,,,,,,,,,,,,,,,
Sarah,Smith,Toyota,Altima,,,,red,1000,,,,,,,,,,,,,,,,,,,,,,,
Jessica,Smith,Hyundai,Accord,,,,red,1000,,,,,,,,,,,,,,,,,,,,,,,
Emily,Williams,Toyota,Elantra,,,,red,1000,,,,,,,,,,,,,,,,,,,,,,,
Jennifer,Anderson,Mercedes,Altima,,,,red,1000,,,,,,,,,,,,,,,,,,,,,,,
Mike,Martinez,Audi,C-Class,,,,red,1000,,,,,,,,,,,,,,,,,,,,,,,
Daniel,Johnson,Nissan,3 Series,,,,red,1000,,,,,,,,,,,,,,,,,,,,,,,
Emily,Davis,Audi,C-Class,,,,red,1000,,,,,,,,,,,,,,,,,,,,,,,
Emily,Anderson,Nissan,A4,,,,red,1000,,,,,,,,,,,,,,,,,,,,,,,
Mike,Williams,Honda,A4,,,,red,1000,,,,,,,,,,,,,,,,,,,,,,,
Daniel,Miller,Kia,Altima,,,,red,1000,,,,,,,,,,,,,,,,,,,,,,,
Matthew,Anderson,Nissan,3 Series,,,,red,1000,,,,,,,,,,,,,,,,,,,,,,,
Jessica,Davis,Nissan,Elantra,,,,red,1000,,,,,,,,,,,,,,,,,,,,,,,
Daniel,Miller,Hyundai,F-150,,,,red,1000,,,,,,,,,,,,,,,,,,,,,,,
Mike,Miller,Honda,Camry,,,,red,1000,,,,,,,,,,,,,,,,,,,,,,,
Robert,Jones,Hyundai,A4,,,,red,1000,,,,,,,,,,,,,,,,,,,,,,,
